{
    "k_A":     0.9783032536506653,
    "k_R0":    1.0566538572311401,
    "k_phi_s": 0.8298778533935547,
    "k_C":     1.1996327638626099,
    "k_B":     0.9029006361961365,
    "k_E":     1.1973261833190918
}